{
  "Latitude": 51.9169600,
  "Longitude": 4.3988190
}
